# x,y,z,duration,title
2653,3443,0,4,Combat bracelet: Ranging Guild
3223,3218,0,4,Standard teleports: Lumbridge
3223,3218,0,5,Teleport tablets: Lumbridge teleport
3158,3668,0,5,Ancient teleports: Carrallangar
3158,3668,0,5,Teleport tablets: Carrallangar teleport
3048,3289,0,4,Explorer's ring: 
2802,3448,0,4,Lunar teleports: Catherby
2974,3872,0,5,Ancient teleports: Ghorrock
2974,3872,0,5,Teleport tablets: Ghorrock teleport
3407,3159,0,5,Necklace of passage: Eagles' Eyrie
2430,3421,0,5,Slayer ring: Stronghold Slayer Cave
3114,3177,0,4,Necklace of passage: Wizards' Tower
1350,3741,0,4,Arceuus teleports: Battlefront
1350,3741,0,5,Teleport tablets: Battlefront teleport
3087,3496,0,4,Amulet of glory: Edgeville
2798,2799,1,4,Standard teleports: Ape Atoll
2457,2850,0,4,Mythical cape: 
3339,3004,0,4,Standard teleports: House - Pollnivneach
3339,3004,0,5,Teleport tablets: Pollnivneach teleport
3001,3469,0,5,Ancient teleports: Lassar
3001,3469,0,5,Teleport tablets: Lassar teleport
3483,3229,0,4,Morytania legs: Burgh de Rott
2970,3697,0,5,Ancient teleports: Dareeyak
2970,3697,0,5,Teleport tablets: Dareeyak teleport
3293,3163,0,4,Amulet of glory: Al Kharid
3240,3195,0,4,Arceuus teleports: Lumbridge Graveyard
3240,3195,0,5,Teleport tablets: Lumbridge graveyard teleport
2661,3304,0,4,Standard teleports: Ardougne
2661,3304,0,5,Teleport tablets: Ardougne teleport
2918,3176,0,4,Amulet of glory: Karamja
2609,3392,0,4,Skills necklace: Fishing Guild
1311,3801,0,4,Rada's blessing: Mount Karuulm
1250,3727,0,4,Skills necklace: Farming Guild
3110,3353,0,4,Arceuus teleports: Draynor Manor
3110,3353,0,5,Teleport tablets: Draynor manor teleport
2609,3224,0,4,Ardougne cloak: Monastery
2545,3756,0,4,Lunar teleports: Waterbirth
2726,3489,0,5,Ancient teleports: Kharyrll
2726,3489,0,5,Teleport tablets: Kharyrll teleport
2964,3376,0,4,Standard teleports: Falador
2964,3376,0,5,Teleport tablets: Falador teleport
2966,4381,2,4,Games necklace: Corporeal Beast
2542,2925,0,4,Teleport scrolls: Feldip hills teleport
2541,3569,0,4,Lunar teleports: Barbarian
2828,10169,0,4,Ring of wealth: Dondakan's Rock
2543,3095,0,4,Standard teleports: House - Yanille
2543,3095,0,5,Teleport tablets: Yanille teleport
3762,3870,1,4,Digsite pendant: Fossil Island
3565,3314,0,4,Arceuus teleports: Barrows
3565,3314,0,5,Teleport tablets: Barrows teleport
2441,3092,0,22,Minigame Teleport: Castle Wars
2661,3376,0,4,Ardougne cloak: Ardougne Farm
3658,3522,0,7,Ectophial: 
1752,3566,0,4,Xeric's talisman: Xeric's Glade
1934,4428,3,4,Pharaoh's sceptre: Jalsavrah
3487,3287,0,4,Teleport scrolls: Mort'ton teleport
2888,3680,0,4,Standard teleports: Trollheim
2888,3680,0,5,Teleport tablets: Trollheim teleport
3434,3460,0,4,Arceuus teleports: Salve Graveyard
3434,3460,0,5,Teleport tablets: Salve graveyard teleport
1579,3530,0,4,Xeric's talisman: Xeric's Look-out
1478,3576,0,4,Kharedst's memoirs: History and Hearsay
2465,3494,0,8,Royal seed pod: 
2093,3912,0,22,Lunar teleports: Lunar Home Teleport
2469,3245,0,4,Lunar teleports: Ourania
2438,3091,0,4,Ring of duelling: Castle Wars
2771,9100,0,4,Arceuus teleports: Ape Atoll
2771,9100,0,5,Teleport tablets: Ape atoll teleport
3389,3159,0,4,Ring of duelling: Clan Wars
3314,3236,0,4,Ring of duelling: Duel Arena
2935,3293,0,4,Skills necklace: Crafting Guild
3183,4601,0,5,Slayer ring: Tarn's Lair
2518,3573,0,4,Games necklace: Barbarian Outpost
3100,9883,0,5,Ancient teleports: Paddewwa
3100,9883,0,5,Teleport tablets: Senntisten teleport
2536,3861,0,4,Ring of wealth: Miscellania
1644,3673,0,4,Xeric's talisman: Xeric's Heart
2658,2659,0,4,Teleport scrolls: Pest control teleport
3199,3353,0,4,Chronicle: 
1643,3675,0,4,Standard teleports: Kourend Castle
3105,3251,0,4,Amulet of glory: Draynor Village
2613,3389,0,4,Lunar teleports: Fishing Guild
3164,3478,0,4,Standard teleports: Varrock - Grand Exchange
3164,3478,0,5,Teleport tablets: Varrock teleport - Grand Exchange
3422,3539,0,5,Slayer ring: Morytania Slayer Tower
2757,3179,0,4,Standard teleports: House - Brimhaven
2757,3179,0,5,Teleport tablets: Brimhaven teleport
2980,3510,0,4,Arceuus teleports: Mind Altar
2980,3510,0,5,Teleport tablets: Mind altar teleport
2788,3066,0,4,Teleport scrolls: Tai bwo wannai teleport
2841,9388,0,6,Karamja gloves: Gem mine
3094,3468,0,4,Arceuus teleports: Respawn (Edgeville)
2803,10001,0,5,Slayer ring: Rellekka Slayer Caves
1663,3504,0,4,Skills necklace: Woodcutting Guild
2884,3550,0,4,Combat bracelet: Warriors' Guild
1713,3612,0,4,Kharedst's memoirs: Lunch by the Lancalliums
3051,9765,0,4,Skills necklace: Mining Guild
3192,3367,0,4,Combat bracelet: Champions' Guild
3323,3333,0,5,Ancient teleports: Senntisten
3323,3333,0,5,Teleport tablets: Paddewwa teleport
3129,3832,0,5,Teleport scrolls: Revenant caves teleport
3027,3842,0,5,Burning amulet: Lava Maze
2093,3913,0,4,Teleport scrolls: Lunar isle teleport
3547,3528,0,4,Arceuus teleports: Fenkenstrain's Castle
3547,3528,0,5,Teleport tablets: Fenkenstrain's castle teleport
2332,3681,0,4,Western banner: 
2332,3169,0,4,Teleport crystal: 
2898,3555,0,4,Games necklace: Burthorpe
3418,2925,0,5,Desert amulet: Nardah
2634,3167,0,4,Lunar teleports: Khazard
2759,3480,0,4,Standard teleports: Camelot
2759,3480,0,5,Teleport tablets: Camelot teleport
2546,3752,0,8,Enchanted lyre: Waterbirth Island
1681,3747,0,4,Kharedst's memoirs: A Dark Disposition
3342,3447,0,4,Digsite pendant: Digsite
1545,3761,0,4,Kharedst's memoirs: Jewellery and Jubilation
3105,9314,2,4,Camulet: Temple
2934,4712,2,4,Standard teleports: Watchtower
2934,4712,2,5,Teleport tablets: Watchtower teleport
2531,3576,0,22,Minigame Teleport: Barbarian Assault
2670,3632,0,4,Standard teleports: House - Rellekka
2670,3632,0,5,Teleport tablets: Rellekka teleport
2404,5181,0,22,Minigame Teleport: TzHaar Fight Pit
1254,3560,0,4,Xeric's talisman: Xeric's Honour
2953,3225,0,4,Standard teleports: House - Rimmington
2953,3225,0,5,Teleport tablets: Rimmington teleport
3499,3298,0,22,Minigame Teleport: Shades of Mort'ton
2028,4634,0,5,Slayer ring: Dark Beasts
2193,3257,0,4,Teleport scrolls: Elf camp teleport
2893,3466,0,4,Standard teleports: House -Taverley
2893,3466,0,5,Teleport tablets: Taverley teleport
3221,3221,0,4,Arceuus teleports: Respawn (Lumbridge)
3211,3423,0,4,Standard teleports: Varrock
3211,3423,0,5,Teleport tablets: Varrock teleport
3164,3477,0,4,Ring of wealth: Grand Exchange
2724,3486,0,4,Standard teleports: Camelot - Seers' Village
2724,3486,0,5,Teleport tablets: Camelot teleport - Seers' Village
1804,3748,0,4,Kharedst's memoirs: The Fisher's Flute
2934,10183,0,22,Minigame Teleport: Blast Furnace
2664,3643,0,8,Enchanted lyre: Rellekka
2583,3098,0,4,Standard teleports: Watchtower - Yanille
2583,3098,0,5,Teleport tablets: Watchtower teleport - Yanille
3232,2897,0,4,Pharaoh's sceptre: Jaldraocht
3234,3638,0,5,Burning amulet: Chaos Temple
3419,2916,0,4,Teleport scrolls: Nardah teleport
3324,3412,0,4,Teleport scrolls: Digsite teleport
3081,3421,0,4,Skull sceptre: 
2981,3763,0,4,Arceuus teleports: Cemetery
2981,3763,0,5,Teleport tablets: Cemetery teleport
3341,2827,0,4,Pharaoh's sceptre: Jaleustrophos
2996,3377,0,4,Ring of wealth: Falador Park
3190,2923,0,4,Camulet: Surface
1504,3815,0,4,Xeric's talisman: Xeric's Inferno
3701,2997,0,4,Teleport scrolls: Mos le'harmless teleport
3378,3890,0,4,Wilderness sword: 
3038,3650,0,5,Burning amulet: Bandit Camp
1743,3518,0,4,Standard teleports: House - Hosidius
1743,3518,0,5,Teleport tablets: Hosidius teleport
3288,3887,0,5,Ancient teleports: Annakarl
3288,3887,0,5,Teleport tablets: Annakarl teleport
3366,3162,0,22,Minigame Teleport: Clan Wars
1624,3937,0,4,Games necklace: Wintertodt Camp
2735,3418,0,4,Kandarin headgear: 
2112,3913,0,4,Lunar teleports: Moonclan
3244,9502,2,4,Games necklace: Tears of Guthix
3051,3486,0,4,Combat bracelet: Monastery
3221,3218,0,5,Ring of returning: Lumbridge
1698,3881,0,22,Arceuus teleports: Arceuus Home Teleport
3143,3439,0,4,Skills necklace: Cooking Guild
2432,3350,0,5,Necklace of passage: The Outpost
2338,3649,0,4,Teleport scrolls: Piscatoris teleport
3302,3488,0,4,Teleport scrolls: Lumberyard teleport
3798,2867,0,4,Arceuus teleports: Harmony Island
3798,2867,0,5,Teleport tablets: Harmony island teleport
2501,3289,0,4,Arceuus teleports: West Ardougne
2501,3289,0,5,Teleport tablets: West ardougne teleport
3683,9888,0,4,Morytania legs: Slime Pit
2197,3055,0,4,Teleport scrolls: Zul-andra teleport
2641,3675,0,4,Fremennik sea boots: 