# x,y,z,duration,title,canTeleportUpTo30Wildy
2653,3443,0,4,Combat bracelet: Ranging Guild,true
3223,3218,0,4,Standard teleports: Lumbridge,false
3223,3218,0,5,Teleport tablets: Lumbridge teleport,false
3158,3668,0,5,Ancient teleports: Carrallangar,false
3158,3668,0,5,Teleport tablets: Carrallangar teleport,false
3048,3289,0,4,Explorer's ring: ,false
2802,3448,0,4,Lunar teleports: Catherby,false
2974,3872,0,5,Ancient teleports: Ghorrock,false
2974,3872,0,5,Teleport tablets: Ghorrock teleport,false
3407,3159,0,5,Necklace of passage: Eagles' Eyrie,false
2430,3421,0,5,Slayer ring: Stronghold Slayer Cave,true
3114,3177,0,4,Necklace of passage: Wizards' Tower,false
1350,3741,0,4,Arceuus teleports: Battlefront,false
1350,3741,0,5,Teleport tablets: Battlefront teleport,false
3087,3496,0,4,Amulet of glory: Edgeville,true
2798,2799,1,4,Standard teleports: Ape Atoll,false
2457,2850,0,4,Mythical cape: ,false
3339,3004,0,4,Standard teleports: House - Pollnivneach,false
3339,3004,0,5,Teleport tablets: Pollnivneach teleport,false
3001,3469,0,5,Ancient teleports: Lassar,false
3001,3469,0,5,Teleport tablets: Lassar teleport,false
3483,3229,0,4,Morytania legs: Burgh de Rott,false
2970,3697,0,5,Ancient teleports: Dareeyak,false
2970,3697,0,5,Teleport tablets: Dareeyak teleport,false
3293,3163,0,4,Amulet of glory: Al Kharid,true
3240,3195,0,4,Arceuus teleports: Lumbridge Graveyard,false
3240,3195,0,5,Teleport tablets: Lumbridge graveyard teleport,false
2661,3304,0,4,Standard teleports: Ardougne,false
2661,3304,0,5,Teleport tablets: Ardougne teleport,false
2918,3176,0,4,Amulet of glory: Karamja,true
2609,3392,0,4,Skills necklace: Fishing Guild,true
1311,3801,0,4,Rada's blessing: Mount Karuulm,false
1250,3727,0,4,Skills necklace: Farming Guild,true
3110,3353,0,4,Arceuus teleports: Draynor Manor,false
3110,3353,0,5,Teleport tablets: Draynor manor teleport,false
2609,3224,0,4,Ardougne cloak: Monastery,false
2545,3756,0,4,Lunar teleports: Waterbirth,false
2726,3489,0,5,Ancient teleports: Kharyrll,false
2726,3489,0,5,Teleport tablets: Kharyrll teleport,false
2964,3376,0,4,Standard teleports: Falador,false
2964,3376,0,5,Teleport tablets: Falador teleport,false
2966,4381,2,4,Games necklace: Corporeal Beast,false
2542,2925,0,4,Teleport scrolls: Feldip hills teleport,false
2541,3569,0,4,Lunar teleports: Barbarian,false
2828,10169,0,4,Ring of wealth: Dondakan's Rock,true
2543,3095,0,4,Standard teleports: House - Yanille,false
2543,3095,0,5,Teleport tablets: Yanille teleport,false
3762,3870,1,4,Digsite pendant: Fossil Island,false
3565,3314,0,4,Arceuus teleports: Barrows,false
3565,3314,0,5,Teleport tablets: Barrows teleport,false
2441,3092,0,22,Minigame Teleport: Castle Wars,false
2661,3376,0,4,Ardougne cloak: Ardougne Farm,false
3658,3522,0,7,Ectophial: ,false
1752,3566,0,4,Xeric's talisman: Xeric's Glade,false
1934,4428,3,4,Pharaoh's sceptre: Jalsavrah,true
3487,3287,0,4,Teleport scrolls: Mort'ton teleport,false
2888,3680,0,4,Standard teleports: Trollheim,false
2888,3680,0,5,Teleport tablets: Trollheim teleport,false
3434,3460,0,4,Arceuus teleports: Salve Graveyard,false
3434,3460,0,5,Teleport tablets: Salve graveyard teleport,false
1579,3530,0,4,Xeric's talisman: Xeric's Look-out,false
1478,3576,0,4,Kharedst's memoirs: History and Hearsay,false
2465,3494,0,8,Royal seed pod: ,true
2093,3912,0,22,Lunar teleports: Lunar Home Teleport,false
2469,3245,0,4,Lunar teleports: Ourania,false
2438,3091,0,4,Ring of duelling: Castle Wars,false
2771,9100,0,4,Arceuus teleports: Ape Atoll,false
2771,9100,0,5,Teleport tablets: Ape atoll teleport,false
3389,3159,0,4,Ring of duelling: Clan Wars,false
3314,3236,0,4,Ring of duelling: Duel Arena,false
2935,3293,0,4,Skills necklace: Crafting Guild,true
3183,4601,0,5,Slayer ring: Tarn's Lair,true
2518,3573,0,4,Games necklace: Barbarian Outpost,false
3100,9883,0,5,Ancient teleports: Paddewwa,false
3100,9883,0,5,Teleport tablets: Senntisten teleport,false
2536,3861,0,4,Ring of wealth: Miscellania,true
1644,3673,0,4,Xeric's talisman: Xeric's Heart,false
2658,2659,0,4,Teleport scrolls: Pest control teleport,false
3199,3353,0,4,Chronicle: ,false
1643,3675,0,4,Standard teleports: Kourend Castle,false
3105,3251,0,4,Amulet of glory: Draynor Village,true
2613,3389,0,4,Lunar teleports: Fishing Guild,false
3164,3478,0,4,Standard teleports: Varrock - Grand Exchange,false
3164,3478,0,5,Teleport tablets: Varrock teleport - Grand Exchange,false
3422,3539,0,5,Slayer ring: Morytania Slayer Tower,true
2757,3179,0,4,Standard teleports: House - Brimhaven,false
2757,3179,0,5,Teleport tablets: Brimhaven teleport,false
2980,3510,0,4,Arceuus teleports: Mind Altar,false
2980,3510,0,5,Teleport tablets: Mind altar teleport,false
2788,3066,0,4,Teleport scrolls: Tai bwo wannai teleport,false
2841,9388,0,6,Karamja gloves: Gem mine,false
3094,3468,0,4,Arceuus teleports: Respawn (Edgeville),false
2803,10001,0,5,Slayer ring: Rellekka Slayer Caves,true
1663,3504,0,4,Skills necklace: Woodcutting Guild,true
2884,3550,0,4,Combat bracelet: Warriors' Guild,true
1713,3612,0,4,Kharedst's memoirs: Lunch by the Lancalliums,false
3051,9765,0,4,Skills necklace: Mining Guild,true
3192,3367,0,4,Combat bracelet: Champions' Guild,true
3323,3333,0,5,Ancient teleports: Senntisten,false
3323,3333,0,5,Teleport tablets: Paddewwa teleport,false
3129,3832,0,5,Teleport scrolls: Revenant caves teleport,false
3027,3842,0,5,Burning amulet: Lava Maze,false
2093,3913,0,4,Teleport scrolls: Lunar isle teleport,false
3547,3528,0,4,Arceuus teleports: Fenkenstrain's Castle,false
3547,3528,0,5,Teleport tablets: Fenkenstrain's castle teleport,false
2332,3681,0,4,Western banner: ,false
2332,3169,0,4,Teleport crystal: ,false
2898,3555,0,4,Games necklace: Burthorpe,false
3418,2925,0,5,Desert amulet: Nardah,false
2634,3167,0,4,Lunar teleports: Khazard,false
2759,3480,0,4,Standard teleports: Camelot,false
2759,3480,0,5,Teleport tablets: Camelot teleport,false
2546,3752,0,8,Enchanted lyre: Waterbirth Island,false
1681,3747,0,4,Kharedst's memoirs: A Dark Disposition,false
3342,3447,0,4,Digsite pendant: Digsite,false
1545,3761,0,4,Kharedst's memoirs: Jewellery and Jubilation,false
3105,9314,2,4,Camulet: Temple,false
2934,4712,2,4,Standard teleports: Watchtower,false
2934,4712,2,5,Teleport tablets: Watchtower teleport,false
2531,3576,0,22,Minigame Teleport: Barbarian Assault,false
2670,3632,0,4,Standard teleports: House - Rellekka,false
2670,3632,0,5,Teleport tablets: Rellekka teleport,false
2404,5181,0,22,Minigame Teleport: TzHaar Fight Pit,false
1254,3560,0,4,Xeric's talisman: Xeric's Honour,false
2953,3225,0,4,Standard teleports: House - Rimmington,false
2953,3225,0,5,Teleport tablets: Rimmington teleport,false
3499,3298,0,22,Minigame Teleport: Shades of Mort'ton,false
2028,4634,0,5,Slayer ring: Dark Beasts,true
2193,3257,0,4,Teleport scrolls: Elf camp teleport,false
2893,3466,0,4,Standard teleports: House -Taverley,false
2893,3466,0,5,Teleport tablets: Taverley teleport,false
3221,3221,0,4,Arceuus teleports: Respawn (Lumbridge),false
3211,3423,0,4,Standard teleports: Varrock,false
3211,3423,0,5,Teleport tablets: Varrock teleport,false
3164,3477,0,4,Ring of wealth: Grand Exchange,true
2724,3486,0,4,Standard teleports: Camelot - Seers' Village,false
2724,3486,0,5,Teleport tablets: Camelot teleport - Seers' Village,false
1804,3748,0,4,Kharedst's memoirs: The Fisher's Flute,false
2934,10183,0,22,Minigame Teleport: Blast Furnace,false
2664,3643,0,8,Enchanted lyre: Rellekka,false
2583,3098,0,4,Standard teleports: Watchtower - Yanille,false
2583,3098,0,5,Teleport tablets: Watchtower teleport - Yanille,false
3232,2897,0,4,Pharaoh's sceptre: Jaldraocht,true
3234,3638,0,5,Burning amulet: Chaos Temple,false
3419,2916,0,4,Teleport scrolls: Nardah teleport,false
3324,3412,0,4,Teleport scrolls: Digsite teleport,false
3081,3421,0,4,Skull sceptre: ,false
2981,3763,0,4,Arceuus teleports: Cemetery,false
2981,3763,0,5,Teleport tablets: Cemetery teleport,false
3341,2827,0,4,Pharaoh's sceptre: Jaleustrophos,true
2996,3377,0,4,Ring of wealth: Falador Park,true
3190,2923,0,4,Camulet: Surface,false
1504,3815,0,4,Xeric's talisman: Xeric's Inferno,false
3701,2997,0,4,Teleport scrolls: Mos le'harmless teleport,false
3378,3890,0,4,Wilderness sword: ,false
3038,3650,0,5,Burning amulet: Bandit Camp,false
1743,3518,0,4,Standard teleports: House - Hosidius,false
1743,3518,0,5,Teleport tablets: Hosidius teleport,false
3288,3887,0,5,Ancient teleports: Annakarl,false
3288,3887,0,5,Teleport tablets: Annakarl teleport,false
3366,3162,0,22,Minigame Teleport: Clan Wars,false
1624,3937,0,4,Games necklace: Wintertodt Camp,false
2735,3418,0,4,Kandarin headgear: ,false
2112,3913,0,4,Lunar teleports: Moonclan,false
3244,9502,2,4,Games necklace: Tears of Guthix,false
3051,3486,0,4,Combat bracelet: Monastery,true
3221,3218,0,5,Ring of returning: Lumbridge,false
1698,3881,0,22,Arceuus teleports: Arceuus Home Teleport,false
3143,3439,0,4,Skills necklace: Cooking Guild,true
2432,3350,0,5,Necklace of passage: The Outpost,false
2338,3649,0,4,Teleport scrolls: Piscatoris teleport,false
3302,3488,0,4,Teleport scrolls: Lumberyard teleport,false
3798,2867,0,4,Arceuus teleports: Harmony Island,false
3798,2867,0,5,Teleport tablets: Harmony island teleport,false
2501,3289,0,4,Arceuus teleports: West Ardougne,false
2501,3289,0,5,Teleport tablets: West ardougne teleport,false
3683,9888,0,4,Morytania legs: Slime Pit,false
2197,3055,0,4,Teleport scrolls: Zul-andra teleport,false
2641,3675,0,4,Fremennik sea boots: ,false